JobTitle,company,location,salary,date_posted,ExtractDate,job_url,summary,review_url,overall_rating,num_ratings
IT Internship,Vision Technology Consulting Sdn Bhd,Kuala Lumpur,undisclosed,2d ago,2024-04-27,https://www.jobstreet.com.my/job/75397128?type=standout&ref=search-standalone&origin=cardTitle#sol=965028df0a49ffefbdca3c615da1a832a0712ef9,"responsibilities:analysis & design of enterprise software application, data model, integration and/or server architecturecoordinate, plan and deliver on all tasks related to systems infrastructure design, installation configuration, administration, across all environments.prepare functional, technical, integration and/or server architecture design specificationssoftware configuration, development & customizationperform operational tasks and activities (e.g. application monitoring, performance tuning and migration between environments)implements & govern code migration processes to reduce risks in projectprovide application supportassist with solving technical problems when they ariserequirementscandidate must possess at least a bachelor's degree, post graduate diploma, professional degree in computer science/information technology or equivalent.no prior working experience is required. training will be provided.fresh grad and interns are encouraged to applyexcellent oral and written communication skills.flexible to work in various work location depending on customer site. kl/pjable to work shifts and weekend upon client request.candidate is required to provide cv, coursework transcript & fyp report upon internship interview confirmation.",https://www.jobstreet.com.my/companies/vision-technology-consulting-168556302349916/reviews?jobId=75397128,3.6,17
Internship - IT & Digital,Averis Sdn Bhd,Kuala Lumpur,undisclosed,3d ago,2024-04-27,https://www.jobstreet.com.my/job/75010246?type=standout&ref=search-standalone&origin=cardTitle#sol=958a921e335ada289d306917780c7ab7c7896d9a,"summary:averis is providing internship program for 2024 and we are looking for motivated and talented students to join our team from jan 2024 - dec 2024the internships program are designed to provide real-world experience which will enable you to put everything you have learned into action and at the same time to support our growing business.we are looking for interns for various information technology & digital scopes:1.information technologysite it/desktop managementit helpdeskinformation securitysap basisvirtualization & storageit service improvement2.ace digitalresearch & data acquisitionit project managementquality assurancedigital architecturedata science & artificial intelligencedigital project managementdevopsui uxrequirements:a diploma or degree in computer science/cybersecurity/information technology or a related field.good communications & interpersonal skills.applicants must be willing to work in bangsar south, kuala lumpur.minimum duration : 3 monthsplease state your exact internship period (dd.mm.yyyy to dd.mm.yyyy) on your resume.",https://www.jobstreet.com.my/companies/averis-168553249170002/reviews?jobId=75010246,3.1,89
Internship for Computer/IT Students,See Hoy Chan Sdn. Berhad,Petaling Jaya,"RMÂ 900 â€“ RMÂ 1,000 per month",4d ago,2024-04-27,https://www.jobstreet.com.my/job/74884308?type=standout&ref=search-standalone&origin=cardTitle#sol=0aaf3ce6d635c4d20c717c00dd5856f1ca6408a0,"during your internship, you will:Â support the it team in maintaining hardware, software, and other systemsassist with troubleshooting issues and provide technical supportorganize and maintain it resourceswill be rotated among all sections under itassist in the design, development, and implementation of new or improved systems and processesfacilitate automation of repetitive tasksattend meetings with employees at all levels of the organization and contribute to big picture business discussionsliaise with vendors to source for quotations in accordance with companyâ€™s best interestother value-add assignments and projects in it as assignedÂ if you possess the following skillsÂ internship for a duration of 16 weeks & aboveable to commence from june 2024 onwardsgood and strong in communication skills in englishexcellent communication and interpersonal skillstime management and problem-solving skillsthrive on collaboration with people of all background & disciplinesself-motivated and high initiativecomputer literate in the usage of ms office software - word, excel, power pointonly shortlisted candidate will be notified",https://www.jobstreet.com.my/companies/see-hoy-chan-168550047318681/reviews?jobId=74884308,3.4,20
Internship for Computer/IT Students,Integro Technologies Sdn Bhd,Kuala Lumpur,"RMÂ 800 â€“ RMÂ 1,000 per month",5d ago,2024-04-27,https://www.jobstreet.com.my/job/75311311?type=standout&ref=search-standalone&origin=cardTitle#sol=9ddd931520a288452ee4e9e9b4ecaab88d7a2990,"responsibilities :analyse requirements and develop solution from the system perspectiveinvolve in development process flow of the projectinvolve in development of business requirement documents of the projectinvolved in design, coding, testing and deployment in projectto develop test plan and test script for the projectconduct application testing and training (monitor by supervisor)carry out or implement installation of the applicationconduct user and system supportrequirements:candidate must possess at least bachelor's degree/professional degree in computer science/information technology or equivalent.required skill(s): java, html, sqlplease state your internship period including start date in the applicationpreferably duration 6 months and able to join asap",https://www.jobstreet.com.my/companies/integro-technologies-168555539456454/reviews?jobId=75311311,3.5,26
Internship for computer science students,OTC TRAINING CENTRE SDN. BHD.,Shah Alam/Subang,undisclosed,18h ago,2024-04-27,https://www.jobstreet.com.my/job/75440436?type=standard&ref=search-standalone&origin=cardTitle#sol=20f75f49413775d53f49df0f02d526bb38979f49,"responsibilities:Â· to monitor and maintain regular records of all office administrative operation reportÂ· search engine optimization tasksÂ· website design/modification and maintenance tasksÂ additional informationâ€¢ full training is providedâ€¢ applicants must be willing to work in subang, selangor.â€¢ 5 days work per week.Â we are performance-oriented and are ready to offer an attractive remuneration package that commensurate with qualifications and experience.Â interested applicants may send your application through email together with your latest resume, stating details of experiences and qualifications together with a recent photo and contact numbers (mobile/telephone) to northern(a)otc.com.my or call james, 012-5882263 .we regret that only shortlisted candidate will be notified.",,,
Internship for computer science students,OTC TRAINING CENTRE SDN. BHD.,,undisclosed,,2024-04-27,https://www.jobstreet.com.my/job/75440436?type=standard&ref=search-standalone&origin=cardTitle#sol=20f75f49413775d53f49df0f02d526bb38979f49,"responsibilities:Â· to monitor and maintain regular records of all office administrative operation reportÂ· search engine optimization tasksÂ· website design/modification and maintenance tasksÂ additional informationâ€¢ full training is providedâ€¢ applicants must be willing to work in subang, selangor.â€¢ 5 days work per week.Â we are performance-oriented and are ready to offer an attractive remuneration package that commensurate with qualifications and experience.Â interested applicants may send your application through email together with your latest resume, stating details of experiences and qualifications together with a recent photo and contact numbers (mobile/telephone) to northern(a)otc.com.my or call james, 012-5882263 .we regret that only shortlisted candidate will be notified.",,,
Internship for IT Infrastructure Students - RM2000 for Top students,iFAST Capital Sdn Bhd,Kuala Lumpur,"RMÂ 1,500 â€“ RMÂ 2,000 per month",3d ago,2024-04-27,https://www.jobstreet.com.my/job/75363870?type=standout&ref=search-standalone&origin=cardTitle#sol=cb73a188fd0b3b67bf2098ee245eafdaf1f69c89,"up to rm2,000 for top studentsresponsibilities:to provide 1st level user support.to manage office endpoint deployment.to manage office hardware and software inventory.to manage update and upgrade of all office servers and endpoints.to deploy and maintain office voip system and phones, audio systems and other devices.to perform regular health and audit check on all office devices, endpoints, and servers.to perform active directory, email, and various access rights administrations.to undertake any ad-hoc matters and projects assigned from time to time.requirements:candidate must possess at least a degree of computer science / information technology in network / database / security or equivalent.strong critical thinking, analytical skills, and problem-solving skills.adaptive to different situations; attentive and proactive to issues; team-oriented person.additional technical advantages:mcsa, mcse, ccna, itil or any other professional certificate.knowledge in ms ad, dns, dhcp, wsus, gpo, unix, hyper-v, vmware vsphereunix / windows scripting experienceavailable for duration of 3 to 6 months.applicants who are interested in this role are invited to apply with their comprehensive resume with full details via ""apply now"" button with:(1) qualifications(2) skills(3) working experience(4) expected salary** kindly attach a copy of your academic transcripts and certifications together with your resume **all applications will be treated in strict confidence. we regret that only shortlisted applicants will be notified.note: job responsibilities / requirements are representative and are not intended to be a detailed list. other tasks/abilities may be required of the incumbent, relative to the specific assignment.",https://www.jobstreet.com.my/companies/ifast-capital-168552969685227/reviews?jobId=75363870,4.0,21
IT & Digital Internship Programme,LAZIC GROUP SDN. BHD.,Melaka,"RMÂ 700 â€“ RMÂ 1,000 per month",5h ago,2024-04-27,https://www.jobstreet.com.my/job/75445894?type=standout&ref=search-standalone&origin=cardTitle#sol=d2917dab5963dfa44e529a0cb8fafd959121c2d1,"if you are an amazing talent in graphic and videography, e-commerce, it and multimedia who wants to make great experience and the best environment at an amazing company, then keep reading!we are known as lazic group sdn bhd, located in ayer keroh, melaka. we have been in the beauty and health industry since 2015 and now growing in investment rapidly. now we have subsidiaries that focus on stock market trading and land and property.if you wish to have the best milestone in your career, do not hesitate to drop your resume and list us what you wish to learn during your internship period.on the job training will be provided, we never leave you hanging. welcome onboard talent!",https://www.jobstreet.com.my/companies/lazic-group-168551529628063/reviews?jobId=75445894,4.3,3
"Internship, Receiving Support","GE AVIATION, ENGINE SERVICES - SINGAPORE PTE. LTD.",Subang Jaya,undisclosed,1d ago,2024-04-27,https://www.jobstreet.com.my/job/75432847?type=standout&ref=search-standalone&origin=cardTitle#sol=3ae82c10eba2a84b5c3ac821633d400ec2667bdf,"essential responsibilities:to ensure inbound documentation and transaction in sap meeting the daily kpi.assist in clearing good inward report.receiving and checking deliveries to ensure that correct amount, part number, part description and quantity is delivered.assist to check all customs documentation and paperwork attached to received item.consignment without paperwork to be highlighted to receiving inspector for fast follow up or email to respective owner to take action.to check receiving of parts and ensure with awb number and customs documentation for easy reference.any discrepancy on packaging of parts shall be highlighted to receiving inspector / shift leader for fast actions.perform sap transaction concurrently with the receiving process of the parts.connect to vendor performance specialist and procurement specialistengine part/ component with issues shall be quarantined as commercial quarantine at designated quarantine area.escalate to shift leader for any parts in commercial quarantine has exceeded 48 hours.scanning of incoming document in the scanner and indexing of documentation for easy reference.to assist on creation of inbound engine, outbound engine, module whenever required.Â learning objectives: throughout the duration of the internship, the intern will learn how to:identify and define the common business terminology used at the worksite.solve problems and create value for the organization and stakeholders.understand the receiving process and downstream processes in aerospace/ aviation industry.meet quality requirement / aviation airworthiness requirements.pay attention to detail and important information.demonstrate multi-channel communication skills including oral, written, audio/visual and digital.Â qualifications / requirements:diploma in aircraft engineering, logistics/ transportation or supply chain management or related field.moderate in spoken and written english.strong teamwork skills.Â desired characteristics:passionate working in a maintenance repair and overhaul shopstrong desire to work in a teaming environmenthumble: respectful, receptive, agile, eager to learntransparent: shares critical information, speaks with candor, contributes constructivelyfocused: quick learner, strategically prioritizes work, committedÂ Â leadership ability: strong communicator, decision-maker, collaborativeproblem solver: analytical-minded, challenges existing processes, critical thinker",https://www.jobstreet.com.my/companies/ge-aviation-168550975942568/reviews?jobId=75432847,4.3,34
Survey Programmer - Internship Program (July intake),Ipsos Sdn Bhd,Kuala Lumpur,undisclosed,2d ago,2024-04-27,https://www.jobstreet.com.my/job/75389686?type=standout&ref=search-standalone&origin=cardTitle#sol=c880e00bcd98d97d615bdfea60f211e371d1908b,"ipsos interactive services scriptwriter internship programÂ we are looking for a dynamic, energetic intern who is eager to learn about our company by assisting various sections in our day to day. you will be working closely with our team in converting the research questionnaire into online material, data capture, and manage administration tasks. interns will be provided with 3 - 6 months on-the-job training and exposure working in a multinational company.Â to be successful as an intern, you should be willing to help with tasks assigned by a supervisor. you will be involved in upcoming projects as well as assisting with current campaigns.Â intern responsibility:you will be exposed to assist senior in conversion of simple questionnaire to online survey link using spss dimensions.assist in scripting, migration, testing and document all processes in reference survey development.you would be exposed to perform quality check on the questionnaire pages.assist/involve in obtaining and gather internal client requirements prior to kickstarting the development.performs minor development on bug fixes, small change order request.assist seniors/ leaders in the daily tasks of a development.training will be provided on all the above.Â intern will gain insights on the following:how market research industry works.knowledge in online survey scripting and quality controlknowledge in server and deployment toolsvarious method of data collectionÂ intern requirements:a final year students enrolling in the degree of computer science/information technology, engineering (computer/telecommunication), science & technology or equivalenthas basic knowledge or introduction to programming languages such vbscript, javascript, html and css.excellent in english, both spoken and writtenability to meet set targetcope well under pressureable to join in december 2023",https://www.jobstreet.com.my/companies/ipsos-168551742840478/reviews?jobId=75389686,4.0,62
"Accounting Information System/ Business IT Internship (Ipoh, Perak)",KUALA LUMPUR KEPONG BERHAD (KLK),Ipoh,"RMÂ 1,500 per month",5d ago,2024-04-27,https://www.jobstreet.com.my/job/75323145?type=standout&ref=search-standalone&origin=cardTitle#sol=91847a55742c97801787a984bbf62744788e0700,"to carry out internship in it department under different sections.responsibilities:it helpdesk, support & projects:- follow up on data consolidation and helpdesk calls.- automation of it operations.- development/enhancement on project & support dashboards.cdm & application support:Â - assist users, troubleshoot issues, and offer solutions.- collect, analyze, and report data for informed decision-making in collaboration.software development:- low code and no code development.- web and mobile application development.Â requirements:- candidates must be currently pursuing a bachelor's degree in business information systems or equivalent from recognized universities with minimum current cgpa 3.0.- proficiency in both written and spoken english and bahasa malaysia.- preferably at least 4 months of internship period.- willing to be based in ipoh.Â please indicate your internship period in your resume.",https://www.jobstreet.com.my/companies/kuala-lumpur-kepong-berhad-168556828562725/reviews?jobId=75323145,3.7,39
Internship for IT Students (Software Engineer),iFAST Capital Sdn Bhd,Kuala Lumpur,"RMÂ 1,500 â€“ RMÂ 2,000 per month",3d ago,2024-04-27,https://www.jobstreet.com.my/job/75383195?type=standout&ref=search-standalone&origin=cardTitle#sol=28b90e6cbc28eef86f98efb86261e3e6f3d611ad,"responsibilities:participate in requirement gathering and project analysis processes.translate design wireframes and visual mockups into high-quality codes using react and express.js.develop, test, deploy and maintain user interface components.integrate with restful services through api integration.assist in writing automated test scripts to ensure the reliability and scalability of the platform.requirements:currently pursuing a bachelorâ€™s degree or higher, preferably in it field.basic understanding of javascript and typescript are required; familiar with react is preferred.experience in web development is a plus.passionate in learning and adopting new technologies such as react, express.js, postgressql, knex.js and backstage by spotify.available for duration of 3/6 months.applicants who are interested in this role are invited to apply with their comprehensive resume with full details via ""apply now"" button with:(1) qualifications(2) skills(3) working experience(4) expected salary** kindly attach a copy of your academic transcripts and certifications together with your resume **all applications will be treated in strict confidence. we regret that only shortlisted applicants will be notified.note: job responsibilities / requirements are representative and are not intended to be a detailed list. other tasks/abilities may be required of the incumbent, relative to the specific assignment.",https://www.jobstreet.com.my/companies/ifast-capital-168552969685227/reviews?jobId=75383195,4.0,21
Computer Hardware Service Assistant,Medical Awareness Camp Outreach,Selangor,undisclosed,3d ago,2024-04-27,https://www.jobstreet.com.my/job/75269267?type=standard&ref=search-standalone&origin=cardTitle#sol=c60d0b6a6297b191056efe94b68d1717cbf1dd36,"ğŸŒit internship opportunity at maco: computer empowerment program (cep) ğŸŒğŸ“¢ calling all it and computer science students! are you looking for a meaningful industrial training opportunity? join us at maco ngo, where we are committed to refurbishing used computers for schools.internship details:- scope: refurbish and maintain used computers, set up computer labs, and handle software installations and updates.- ideal for: it, computer science students or recent graduates.- skills required: proficiency in computer hardware, software troubleshooting, and eagerness to contribute to tech-driven educational projects.why apply:- industrial training: fulfill your academic requirements with real-world it experience.- daily allowance: rm 50 per day.- impactful work: directly contribute to enhancing digital education.- professional development: mentorship from it professionals and skill enhancement.- certificate: receive an internship completion certificate.application process:- email your cv and a cover letter to intern@maco.my with 'it internship application' as the subject.contact & more info:âœ‰ï¸ email: intern@maco.myğŸŒ website: https://www.maco.my/ğŸ‘ facebook: https://www.facebook.com/maco.malaysia/join maco ngo for an enriching industrial training experience where technology aids education! ğŸ’»ğŸ“šğŸŒŸ",,,
Internship for Samsung Malaysia Electronics (May - July 2024 Intake),Samsung Malaysia Electronics (SME) Sdn Bhd,KL Eco City,undisclosed,4d ago,2024-04-27,https://www.jobstreet.com.my/job/75347880?type=standard&ref=search-standalone&origin=cardTitle#sol=a332bcbfdd6846980eb0fefcd9600c0014566391,"we are actively seeking ambitious bachelor's degree students from any course for our may - july 2024 internship program. this program offers unique opportunity to gain in-depth understanding of our company's mission, vision, and core values, while acquiring hands-on experience with cutting-edge technologies. successful interns will be placed in respective business units for exciting workplace exposures. user discretion is required as experience may differ for everyone, depending on individual commitment. #reimagineyourfutureÂ requirementdisplays constant agility and speed in work completion and solution findings even when faced with ambiguity at times.is a strong team player, shrewd interface agent and a confident communicator.is always fueled with positivity, energy and can-do attitude in managing assigned responsibilities.has proficiency in microsoft office and in languages of bahasa malaysia and english.has 3 to 6 monthsâ€™ availability for the internship placement.has outstanding academic and extraordinary non-scholastic achievement in any discipline.must be willing to work in kl eco city.Â internship openings:Â consumer electronicsÂ department1. channel marketing2. tv marketing communication3. digital appliances product marketingÂ customer serviceÂ department1. customer retention program (crp)",https://www.jobstreet.com.my/companies/samsung-168550523576228/reviews?jobId=75347880,4.1,283
Internship,Boston Scientific Medical Device (Malaysia) Sdn. Bhd.,Batu Kawan,"RMÂ 1,600 per month",3d ago,2024-04-27,https://www.jobstreet.com.my/job/75383826?type=standout&ref=search-standalone&origin=cardTitle#sol=beba464a2eb315d3190365ebe38a484262adf179,"job responsibilitiesworks on specific functional area objectives or projects that may require research, working in teams, developing presentations, designing strategies, and keeping abreast of current industry events, market trends, or competitors products.conducts her/himself as a regular full-time member of the staff by accepting and adhering to boston scientific's rules and regulations and by engaging in professional and personable conduct at all times with staff and customers. the intern is also obligated to comply with any confidentiality and professional policies established by boston scientific.becomes knowledgeable about her or his own responsibilities and the business and operational issues inherent in them as well as about the boston scientific's and particular issues relevant to the company.contributes to the preparation and production of proposals and reports by using word, spreadsheets, and other computer programs.prepares an oral and written evaluation for presentation to upon completion of internship.Â job requirementcandidate must possess or currently pursuing a bachelor's degree in business studies/administration/management, engineering, accounting, science, it or equivalentrequired skill(s): microsoft officerequired language(s): malay, englishhave own transport and required to work onsite9 internship position(s) for duration of 4 months and above (please state your internship start and end date in your application)",https://www.jobstreet.com.my/companies/boston-scientific-168529065492430/reviews?jobId=75383826,4.3,52
Internship for Computer/IT Students,Rocketsview Management Sdn Bhd,Kuala Lumpur,"MYR 800 - 1,000",8d ago,2024-04-27,https://www.jobstreet.com.my/job/75270814?type=standout&ref=search-standalone&origin=cardTitle#sol=64af5aa29d0ca8549086a549002b533c55a8477c,"job responsibilities:gain experience from working on the projects with project managers, technical leads, and developers;participate in deployment of system including user requirement scoping, design, coding, testing and implementation;learn and use programming languages to solve problems in developing system; andwork as a team and take responsibility with the team of what you build.Â job requirement:final year it/computer science (or related disciplines) undergraduates;at least 3 months internship duration is preferred;demonstrate good or above average academic records in the university;have a strong interest in software development;have good problem solving and analytical skills;having exposure with any programming languages such as dart (flutter), php (laravel), html, css (tailwind), javascript (vue.js/alpine.js), mysql, is a plus;strong attention to detail and the ability to ensure accuracy; andgood english communication skills are required for interaction with other teams.Â what benefits you?parking full claimfriendly and fun colleaguesgreat opportunity to learn and practice your skillset and knowledge before graduateunlimited snacks, drinks and ice creamexciting team building eventsopportunity to transfer full time employment",https://www.jobstreet.com.my/companies/rocketsview-168550145018241/reviews?jobId=75270814,4.6,18
Internship for Information Technology (IT),VSTECS BERHAD,Petaling Jaya,"RMÂ 1,000 â€“ RMÂ 1,050 per month",5d ago,2024-04-27,https://www.jobstreet.com.my/job/75323388?type=standout&ref=search-standalone&origin=cardTitle#sol=144311b5221974eac7867a55025b1a2c6a7f3fa0,"job scope for technical team:install, configure and troubleshoot microsoft windows 10 operating system, pc and laptop.onsite support for printer, pc and laptop for deployment and preventive maintenance.job scope for pre sales team:assist the team in providing bill of materials, proposal and sizing for it solutionsassist in information gathering and fact finding for customer requirementsassist in heatmap generation and wireless site surveyÂ assist in equipment installation such as rack mount, os installation, ip configuration.Â requirements:a diploma, advanced/higher/graduate diploma, bachelor's degree, post graduate diploma, professional degree, engineering (computer/telecommunication), engineering (electrical/electronic) or equivalent.knowledge on microsoft windows 10, microsoft office and basic networking will be added advantages.applicants must be willing to work in kota damansara, pj.must possess own transport and willing to travel within klang valley and outstation (peninsular malaysia).",https://www.jobstreet.com.my/companies/vst-ecs-group-168556364234449/reviews?jobId=75323388,4.0,20
Internship (All Position),KESM Industries Berhad,Petaling Jaya,undisclosed,3d ago,2024-04-27,https://www.jobstreet.com.my/job/75381085?type=standout&ref=search-standalone&origin=cardTitle#sol=5cd9e02d06846755f606bf61edc4ee1a94bf626b,"internship positions for technician, hr, it and engineerinternship vacancy for hr department, it department, production department, facility department, maintenance departmentÂ requirements:good administrative and organization skillgood in microsoft word, excel, powerpointable to work in production with few superiorwilling to learn new thingsÂ willing to work at petaling jaya, sungai way industrial free zoneÂ allowance provided:rm 600.00 per month",https://www.jobstreet.com.my/companies/kesm-industries-168558531845506/reviews?jobId=75381085,3.4,37
Internship (6 months),Hispeedcity Sdn Bhd,Johor Bahru,"RMÂ 800 â€“ RMÂ 1,200 per month",3d ago,2024-04-27,https://www.jobstreet.com.my/job/75378045?type=standard&ref=search-standalone&origin=cardTitle#sol=f825b538d89163733e35c469d47fa85ee7904e0f,"the companywe are launching latest technology on internet of things (iot) with disruptive digital innovation on smart toll (parking, pedestrain, highway, tunnel) in malaysia. Â leading change, to digitize our neighborhood developing smart city, Â smart nationÂ view : www.hispeedcity.comÂ job highlightÂ total 6 months internship, full time (jb)free accommodation provide by the company for those neededlearn state-of-art iot technology, learn new skills prepare your new journeythe company offer permanent employment to high potential performersmany other job opportunities and potentially expand to south east asiaÂ our missionÂ to improve millions of people lives by making things easy on digital transformation in Â smart mobility, enable smart parking, highway smart toll with full visibility on mobile app, payment Â on Â e-wallets, touch-less & free-flow, beyond cashlessÂ job descriptionÂ· Â  Â  Â  learn and support os on mobile app, ux, ui, play store compliancesÂ· Â  Â  Â  learn iot hardware integration through ict and connected devicesÂ· Â  Â  Â  involve in installation, setup, testing to operational, go-livesÂ· Â  Â  Â  learning e-wallet and interoperability on app end-to-end functionalitiesÂ· Â  Â  Â  operating processes procedures, html, sdk, cyber securityÂ· Â  Â  Â  learning networking, cloud computing, a.i, sensors, api integrationÂ· Â  Â  Â  other duties may be assigned from time to time, multi-tasking, x-functionÂ job requirementsÂ Â· Â  Â  Â  candidate on final year or possess bachelor's degree in computer science major in computer networking, software engineering and relatedÂ· Â  Â  Â ideally, knowledgeable on ip networking, apps, cloud computing, api,Â· Â  Â  Â knowleage in java, php, c++, html, phyton, sql..",,,
Information Technology Intern,Heriot-Watt University Malaysia Sdn Bhd,Putrajaya,RMÂ 500 per month,5d ago,2024-04-27,https://www.jobstreet.com.my/job/75312377?type=standout&ref=search-standalone&origin=cardTitle#sol=d0a4c3fdf09d1f0f255c1823de7abce215c63f50,"job scope:installation, testing & maintenance of it related equipment, which includes new hardware deployment onsite, liaise with vendor on hardware fix and others.installation, testing & maintenance of it specialised software, which includes engineering and business software deployment, verification with member of academic staff, and othersparticipate in improvement projects that contribute to enhancement of services offered.contribution to documentations on work processes, guidelines and othersÂ essentials:candidate must possess or currently pursuing a bachelor's degree in computer science/ information technology or equivalent.able to work alone and in a collaborative team setup.good it skills and experience.willing to work in putrajaya.able to work during weekends, and late nights, if required.good command in both written and spoken in english",https://www.jobstreet.com.my/companies/heriot-watt-university-malaysia-168553501956471/reviews?jobId=75312377,4.1,24
Internship For Project,Questcom Solutions Sdn Bhd,Selangor,undisclosed,1d ago,2024-04-27,https://www.jobstreet.com.my/job/75376101?type=standout&ref=search-standalone&origin=cardTitle#sol=ee75b32191869310a9982de4ef1d01983298e674,"responsibilities:Â to assist install, test, repair and modify electronic equipment following technical manuals or engineerâ€™s instructions.to assist assemble circuitry for electronic equipment in accordance with technical manual/ specification and engineerâ€™s instructions.to assist test electronic instruments and equipment and repair or replace faulty parts.to assist calibrate electronic measuring and indicating instruments according to established standards.to study drawings and lay-out correct position of electronic controls and devices.to assist test and adjust assemblies, including cables, wiring and electronic controls and adjust safety devices.to assist technician or engineer in providing training clients/ users on correct operating methods for safety reason and to prevent breakdown.to perform any other duties assigned by superior from time to time.basic requirements:academic qualification:Â  possess certificate /diploma/ degree in electrical/ electronic engineering / mechanical /mechatronics.must have transportation as need to travel multi-site location.",,,
Scientist for Computer Science,ANHSIN TECHNOLOGY SDN BHD,Kuala Lumpur,"RMÂ 4,500 â€“ RMÂ 6,500 per month",24d ago,2024-04-27,https://www.jobstreet.com.my/job/74878576?type=standout&ref=search-standalone&origin=cardTitle#sol=911cc92030fae42e34fd1e9087842c8853706bdc,ç²¾é€š pythonã€java å’Œ c++ ç­‰ç·¨ç¨‹èªè¨€ã€‚é ˆå¯¹ç®—æ³•å’Œæ•°æ®ç»“æ„æœ‰é€å¾¹çš„ç†è§£ã€‚å¿…é ˆç²¾é€šæ•°æ®åº“ç®¡ç†å’Œæ•°æ®åˆ†æã€‚å…·å¤‡ç½‘ç»œå®‰å…¨çŸ¥è¯†ã€‚åˆ†æå’Œè§£æ±ºå¤æ‚çš„è®¡ç®—å•é¡Œï¼Œä¸¦å‚ä¸ç ”ç©¶å’Œå¼€å‘ã€‚,,,
Software Support Consultant (Full Time & Internship),KEMM ADVISORY SDN. BHD.,George Town,"MYR 2,500 - 3,500",22d ago,2024-04-27,https://www.jobstreet.com.my/job/74942822?type=standout&ref=search-standalone&origin=cardTitle#sol=da2187f26cd579ee6927b5dbe4f7d734787b0130,"kemm advisory is looking for passionate software support consultant to join our information technology department. join us in a pivotal role where you'll be the backbone of our client support and training initiatives, ensuring they harness the full power of our accounting, payroll, and pos software solutions. we're seeking someone dynamic to handle software queries, troubleshoot issues, and deliver engaging training sessions, ultimately empowering our clients to unlock the maximum benefits of our services.Â we are leading accounting firm in malaysia with offices in selangor and penang, helping more than 500 smes in malaysia saving more than rm12,000,000 of taxes.Â we are on the road to becoming the number 1 choice for smes in malaysia.Â join us and be a part of this awesome team!Â location:jelutong, penangpetaling jaya, selangorÂ job responsibilitiesassist to provide technical support to clients via telephone, email and remote support.assist to provide consultation on software.assist to conduct software training.assist to update yourself with the latest updates in accounting, payroll, and pos technology to provide informed support and trainingassist in other job responsibilities as and when assigned by the management.Â job requirementscandidates must be currently studying in diploma/bachelor's degree in information technology or computer science (or accountancy would be a plus plus!).fresh graduates / internship / school leaver are encouraged to apply for this role.we do provide comprehensive software training for successful candidate.self motivated, pro-active and strong communication skills.good team player and possess a good working attitude.Â benefits5 working daysfull-stocked pantry: coffee, tea, biscuits and etc.medicaltraining and guidance providedbirthday and festive season celebrationpublic holidaysannual dinnercompany trips & etc.",,,
Management Trainee Internship,WINTOO TECHNOLOGY SDN. BHD.,Puchong,"RMÂ 1,000 â€“ RMÂ 1,200 per month",1d ago,2024-04-27,https://www.jobstreet.com.my/job/75432514?type=standard&ref=search-standalone&origin=cardTitle#sol=3e4ebf67ec8834154848774e27bf23e1702b6d79,"job descriptionwe are offering an opportunity for you to be part of wintoo, which aims to develop and guide you with the necessary skills and experiences. we are looking at a pool of dedicated and responsible individuals to fill the position of management trainee who will focus on key areas includes sales, product, and backend operations. we will provide the foundational training and development with rotation of each department with the supervision of business leaders and mentors.requirements:-priority given to those who have own transportation.good learning attitude.passionate for giving new ideas provides consultation to customers.customer-oriented, collaborative, and proactive attitude.being initiative will be an added advantage.true team player and out going personality.benefits:-opportunity to learn sales, marketing and management.systematic transparent increment & promotion.systematic business operating system (bos) training will be provided.attractive incentives - cash incentives, festival incentives, games incentives, local & overseas travel incentives.we have an effective training system and the continuous co-creation, sharing and common to promote personal career growth and to achieve each employee's dream.",,,
Data Science Intern,PROPERTYGURU PTE LTD,Kuala Lumpur,"RMÂ 1,500 â€“ RMÂ 1,600 per month",5d ago,2024-04-27,https://www.jobstreet.com.my/job/75323465?type=standout&ref=search-standalone&origin=cardTitle#sol=d30ad13e6a5dce7c9bd303c01385ff786499f47b,"make a real difference at propertyguru.Â real aspirations. real people. real impact.Â propertyguru is southeast asiaâ€™s leading proptech company, and the preferred destination for over 41 million property seekers to connect with more than 63,000 agents monthly to find their dream home. propertyguru empowers property seekers with more than 3.2 million real estate listings, in-depth insights, and solutions that enable them to make confident property decisions across singapore, malaysia, thailand, indonesia, and vietnam.Â propertyguru.com.sg was launched in singapore in 2007 and since then propertyguru group has made the property journey a transparent one for property seekers in southeast asia. in the last 15 years, propertyguru has grown into a high-growth proptech company with a robust portfolio of leading property marketplaces across its core markets; award-winning mobile apps; mortgage marketplace, propertyguru finance; and a host of enterprise solutions now under propertyguru for business, including a high-quality developer sales enablement platform, fastkey, datasense, valuenet, awards, events and publications across asia.Â duration of internship: 25th june 2024 to 13th september 2024 (12 weeks)Â responsibilities:what you'll dive into:collaborate with cross-functional teams to gather, analyse, and interpret data from various sources to support business initiatives and decision-making processes.utilize statistical techniques and predictive modeling to extract actionable insights and identify trends, patterns, and correlations.assist in the development and implementation of data-driven solutions and strategies to optimize business performance and drive growth.conduct ad hoc analysis and provide support on special projects as assigned by the supervisor.stay updated on industry trends, emerging technologies, and best practices in data analytics to enhance skills and knowledge.Â what you'll gain:practical, hands-on learning experiences complementing your academic pursuits.empowerment to contribute to genuine business projects, making a tangible impact.opportunities for peer networking and engaging in social events.platforms to refine your communication and presentation skills.Â requirements:currently enrolled in a bachelorâ€™s or masterâ€™s degree program in computer science, statistics, mathematics, data science, or related field.strong analytical skills with a solid understanding of statistical methods, data manipulation techniques, and data visualization principles.proficient english communication skills, both written and verbal (to liaise with overseas stakeholders)detail-oriented with strong organizational and time management skills.proactive attitude with a willingness to learn and adapt in a fast-paced environment.excited? apply now and letâ€™s make magic happen together!",https://www.jobstreet.com.my/companies/propertyguru-168557690558515/reviews?jobId=75323465,3.9,13
Internship-Engineering/Quality/Business Students,IMR (MALAYSIA) SDN. BHD.,Simpang Ampat,undisclosed,4d ago,2024-04-27,https://www.jobstreet.com.my/job/75341366?type=standout&ref=search-standalone&origin=cardTitle#sol=08d2cd8e667a14dcd48c99f90c726ac9cddb9526,"industrial training program available for below departmentssupply chain managementhuman resourcequality- qc /qmsÂ project /progressmanufacturingjob requirements:Â degree from business management, engineering, or equivalent.internship period preferable 3months and 6 months.good communication skills and proficient in englishproactive problem solving, follow up and negotiation skillspreferred final semester studentkindly stated down internship period and expected salaryÂ internship location : penang science park",,,
Internship for IT Students,Tony Ng & Associates Sdn Bhd,Penang,"RMÂ 800 â€“ RMÂ 1,200 per month",12d ago,2024-04-27,https://www.jobstreet.com.my/job/75133242?type=standout&ref=search-standalone&origin=cardTitle#sol=a7df4470178639eb0e93d2bc263e00afc756b19b,"we are offering all computer or it students to do their internship with our team of developers!be part of a young, dynamic team of tech mavens that is developing new platforms, and supporting live applications in the financial industry.the job descriptions:-analyze and develop software module based on business requirement.develop algorithms to analyze and drive decision making in the financial industry.participate in implementation, deployment and testing on application development projects.perform system review and propose ideas for system improvements.documentation of program, includes : design spec, technical user guide and etc.perform data analytics to infer demographic supply and demand.further optimize algorithms through the use of machine learning.rigorous back-testing and forward-testing using the simulation engine to eliminate bias.be informed on new developments in fintech, so as to be able to suggest useful improvements to management.our requirements:students studying bachelor's degree in computer science/information technology or equivalent;knowledge in vb.net is compulsory; andknowledge in asp.net and sql server 2008 will be added advantage.this is a great platform to launch your programming career!there are plenty of opportunities to be involved in the design and development of new systems as we continue to pursue nascent markets to invest in. our company takes a very progressive view in team management, and often, you will be left to your own initiative on how to get things done. opinions and constructive feedbacks are always encouraged! if you are eager to learn more, kindly submit your resume through the link below. regrettably, phone applications will not be accepted.",https://www.jobstreet.com.my/companies/tony-ng-n-associates-168553891997759/reviews?jobId=75133242,3.2,5
"Technical Support Intern, Digital Services",Ninja Logistics (Thailand) Limited.,Subang Jaya,"RMÂ 800 â€“ RMÂ 1,000 per month",30d+ ago,2024-04-27,https://www.jobstreet.com.my/job/74796100?type=standout&ref=search-standalone&origin=cardTitle#sol=5566be9b571d8541bfef297f5ab494966aade034,"the digital services team provides e-commerce sellers with a suite of digital tools that automates and optimizes the most challenging aspects of the e-commerce process, allowing users to streamline order fulfillment and manage customer experience across various digital channels and platforms, integrating it with our delivery services to create the best end to end solution in the market.Â the role is an important conduit for communication with customers when addressing issues, collecting feedback and ensuring customer satisfaction and is key to customer retention and opportunistic upselling of other services.responsibilitiesprovide strong technical support service through various support tools (email/online chat/web meeting/phone call)communicate accurate impacts of production incidents and recommend solutions to production problemsefficiently troubleshoot and resolve complex problems in a technical environmentwork closely with the tech team to reproduce and resolve customer issuesinvestigate system problem and provide root cause analysis for further improvementsupport user testing including review of test plan and be responsive to user queries, requests for assistanceensure proper documentation, coordination and communication between team members, end users, department users, project team members and vendors.keeping track of troubleshooting steps, resolutions, and best practicesrequirementslanguage requirements: english, bahasa malaysiaable to commit for 3-6 months full-time internshipability to analyze problems, identify root causes, and develop effective solutionsability to prioritize tasks based on urgency, customer impact, and business needsfoster positive working relationships and drive efficient cross-functional problem-solvingeducational background in computer science or other field of science will be an added advantage",https://www.jobstreet.com.my/companies/ninja-van-168544604188268/reviews?jobId=74796100,4.1,35
"Intern, IT - Digitalization Intern",KLK OLEO,Petaling Jaya,undisclosed,10d ago,2024-04-27,https://www.jobstreet.com.my/job/75196143?type=standout&ref=search-standalone&origin=cardTitle#sol=0732c75002c8aac450af67f5337d4eb137ecbb3c,"roles and responsibilitiesÂ assist with research and analysis of digitalization trends and best practices.support the development and implementation of digitalization strategies across different departments.Â participate in the creation and execution of digitalization projects, which may involve tasks like data collection, process mapping, and user testing.learn and gain exposure to various digital tools and technologies relevant to the company's digitalization efforts (e.g., automation tools)assist with content creation for digital roadshow or internal communication on digitalization initiatives.conduct research and prepare presentations on assigned digitalization topics.other duties as assigned.additional notes/desirable skillsÂ  Â bachelor's degree in information technology or equivalent.basic knowledge and experience of sap ecc6, and microsoft products such as sharepoint, ssis, sql server, uipath, power automate, power apps, and power bi would be an additional advantage.Â strong analytical and problem-solving skills.strong communication and collaboration skills.Â please state your internship period when applying for this position.",https://www.jobstreet.com.my/companies/klk-oleo-168550145329338/reviews?jobId=75196143,3.9,11
Internship - Business Administration,QARMAKROME PRODUCTIONS SDN. BHD.,Selangor,"RMÂ 1,000 per month",7d ago,2024-04-27,https://www.jobstreet.com.my/job/75292101?type=standard&ref=search-standalone&origin=cardTitle#sol=fb03aca6d5b87f96621a26af2a7e0947703ef1fc,"jobscopeensure smooth running of operations by maintaining office matters such as filing, records, and organizing outstanding documents.assist in processing and handling payment and/or billings for all projects.perform related administrative or ad-hoc tasks as and when required.candidate must be proficient and fluent in mandrin, cantonese & english.duration: at least 3 to 6 months (preferable 6 months)",,,
Internship - Business Consultant,Hitachi eBworx Sdn. Bhd.,Petaling Jaya,undisclosed,12d ago,2024-04-27,https://www.jobstreet.com.my/job/75123268?type=standout&ref=search-standalone&origin=cardTitle#sol=fc40096340fe0735fad1750ebb649ab5c1b37a1b,"responsibilities:â€¢ assist in documenting user requirement, develop test scripts, user guides and training materialsâ€¢ assist in functional testing to ensure system conformance to requirement.â€¢ work closely as a team to ensure the functional requirements are developed into the application.Â requirements:â€¢ degree in business management/engineering/computer science/information technology or its equivalent.â€¢ preferred students with a minimum cgpa of 3.0.â€¢ those with minimal programming background will have an advantage.â€¢ excellent written and oral communication skills in english. proficiency in national language will be an added advantage.â€¢ detail oriented, have a passion to learn and is committed to self-improvement.â€¢ adaptable, able to work independently as well as in a team.",https://www.jobstreet.com.my/companies/hitachi-ebworx-168554357820170/reviews?jobId=75123268,3.3,62
(å®ä¹ ç”Ÿ Intern ) å­¦ç”ŸæœåŠ¡åŠ©ç†ï¼Œæ–‡æ¡ˆ,HK GAOSHENG EDUCATION CONSULTANTS SDN BHD,George Town,"RMÂ 1,300 â€“ RMÂ 1,500 per month",4d ago,2024-04-27,https://www.jobstreet.com.my/job/75340681?type=standout&ref=search-standalone&origin=cardTitle#sol=75a70b9b478cfb1943b83f039f600327f8788b4a,"é¦™æ¸¯é«˜ç››æ•™è‚²é©¬æ¥è¥¿äºšåˆ†å…¬å¸æ˜¯é©¬æ¥è¥¿äºšé«˜ç­‰æ•™è‚²éƒ¨ï¼Œemgs( é©¬æ¥è¥¿äºšæ•™è‚²å…¨çƒæœåŠ¡ï¼‰ï¼Œé©¬æ¥è¥¿äºšé©»ä¸­å›½å¤§ä½¿é¦†æ•™è‚²éƒ¨ï¼Œ21æ‰€é©¬æ¥è¥¿äºšå…¬ç«‹æ”¿åºœå¤§å­¦åˆä½œæ–¹ï¼Œè´Ÿè´£é©¬æ¥è¥¿äºšæ”¿åºœå¤§å­¦åœ¨æµ·å¤–æ¨å¹¿æ‹›ç”Ÿï¼Œæˆ‘ä»¬æ‹›æ”¶ä¼˜ç§€ç”³è¯·äººåŠ å…¥æˆ‘ä»¬å›¢é˜Ÿåœ¨æ ¡å®ä¹ ç”Ÿå²—ä½Â 1.å®¢æˆ·èµ„æ–™å®¡æ ¸ï¼Œæ•´ç†å’Œè·Ÿè¿›2.å®¢æˆ·åæœŸå’¨è¯¢ï¼Œå›å¤å’Œå­¦æ ¡æ³¨å†Œ3.ç•™å­¦èµ„æ–™çš„æ•´ç†, å½•å…¥ï¼Œç»Ÿè®¡å’Œç¿»è¯‘4.ä¸å­¦æ ¡è”ç³»å’Œåè°ƒ5.æŸ¥æ‰¾èµ„æ–™å’Œä¿¡æ¯æ”¶é›†6. å®¢æˆ·åå•æ•´ç†7 å­¦æ ¡ç”³è¯·å’Œç­¾è¯ç”³è¯·7.åœ¨éƒ¨é—¨ç»ç†é¢†å¯¼ä¸‹å…¶ä»–ç›¸å…³å·¥ä½œã€‚Â è¦æ±‚ï¼š-å­¦å£«å­¦ä½-å…·æœ‰è‰¯å¥½çš„ä¸­æ–‡å¬è¯´è¯»å†™èƒ½åŠ›-è¦æ±‚æŠ€èƒ½:excel, word-åŸ¹è®­å°†æä¾›-å·¥ä½œæ—¶é—´å‘¨ä¸€åˆ°å‘¨äº” 8.30am- 5.30pm-å·¥ä½œåœ°ç‚¹ï¼šgeorgetownÂ å¦‚æœä½ æ˜¯æƒ³è¦å¼€æ‹“è‡ªå·±çš„è§†é‡ï¼Œè¿›å…¥ä¸­å›½å¸‚åœºï¼Œæˆ‘ä»¬å…¬å¸å°†ä¼šæ˜¯æ‚¨æœ€å¥½çš„é€‰æ‹©ã€‚",,,
"Information Technology (IT) Internship (Ipoh, Perak)",KUALA LUMPUR KEPONG BERHAD (KLK),Ipoh,"RMÂ 1,500 per month",15d ago,2024-04-27,https://www.jobstreet.com.my/job/75081291?type=standout&ref=search-standalone&origin=cardTitle#sol=8edc01d33ad5692ff32618801e58912e8f75afa6,"to carry out internship in it department under different sections.responsibilities:it helpdesk, support & projects:- follow up on data consolidation and helpdesk calls.- automation of it operations.- development/enhancement on project & support dashboards.cdm & application support:Â - assist users, troubleshoot issues, and offer solutions.- collect, analyze, and report data for informed decision-making in collaboration.software development:- low code and no code development.- web and mobile application development.Â requirements:- candidates must be currently pursuing a bachelor's degree in computer science/ information technology/ software engineering or equivalent from recognized universities with minimum current cgpa 3.0.- proficiency in both written and spoken english and bahasa malaysia.- preferably at least 4 months of internship period.- willing to be based in ipoh.Â please indicate your internship period in your resume.",https://www.jobstreet.com.my/companies/kuala-lumpur-kepong-berhad-168556828562725/reviews?jobId=75081291,3.7,39
,,,undisclosed,,2024-04-27,,,,,
